3,2024-04-27,1377000
45,2025-03-04,3485000
30,2024-06-26,4865000
43,2024-05-22,1625000
35,2024-03-27,8705000
34,2024-11-04,1709000
2,2024-12-25  ,3550000
47,2025-01-20,2325000
3,2024-05-18,1146000
30,   2024-07-11,8138000   
26    ,2024-09-18,     4673000
17,2024-11-05,1121
35,2024-01-11,2948
5,2024-10-25,8765000
         
41,2024-06-11,8781000
2,2025-02-15,6233000
18,2024-01-26,4485
2,2024-12-17,9930000
31,2024-09-09,6837000
10,2024-12-09,4708000
9,2024-06-18,2565000
48,2024-03-03,3236000

v3,2024-05-29,2244000
5,2024-08-18,4437000
7,2024-03-03,7747000
44,2024-03-14,4753000
43,2024-05-14,6488000
1,2024-07-23,8345000
32,2024-07-12,1984000
9,2024-04-29,4805000
31,2024-07-12,7198
20,2024-09-25,5951000
42,2024-09-20,4440000
26,2024-09-21,9528000
42,2024-10-04,10139000
10,2024-11-18,9225000
21,2024-08-18,2348
25,2024-04-05,4086000
48,2024-04-14,4668000
12,2025-02-21,4317000
24,2024-09-23,10317000
13,2024-04-27,5025000
38,2024-13-01,7582000
3,2024-05-24,1512000
47,2025-02-15,1247000
36,2024-07-12,5747000
46,2024-03-30,1596000
29,2024-05-03,9460000
48,2024-01-25,1891000
23,2024-06-09,8208000
46,2024-02-06,8920000
42,2024-10-21,10638000
43,2024-05-13,5724000
28,2024-06-26,3992000
43,2024-07-07,2412000
27,2024-12-05,1207000
26,2024-08-17,8782000
16,2024-10-17,6000000
50,2024-10-07,5673000
20,2024-08-12,2721000
41,2024-07-12,9848000
43,2024-0a6-18,8628000
32,2024-07-26,10140000
31,2024-11-03,5282000
41,2024-08-10,10800000
38,2024-04-25,1577000
38,2024-03-15,6419000
5,2024-10-24,2526000
26,2024-10-20,4377000
49,2024-04-29,316a6000
24,2024-09-12,4550000
28,2024-07-21,5081000
35,2024-03-17,5652000
23,2024-05-25,3315000
21,2024-10-10,10211000
7,2024-03-10,2728000
39,2024-09-23
30,2024-06-16,4887000
26,2024-07-27,3769
28,2024-08-01,7149000
26,2024-09-18,5603000
1,2024-07-20,6015000
46,2024-01-08,6621000
47,2025-01-19,10739000
21,2024-12-13,4574000
14,2024-07-19,7692000
28,2024-04-30,9203
38,2024-04-13,6826000
24,2024-07-18,6055000
31,2024-11-09,6614000
46,2024-02-01,9749000
9,2024-06-04,3619000
5,2024-09-11,8281000
3,2024-03-19,6371000
22,2024-11-24,9192000
24,2024-10-01,4070000
28,2024-08-02,7560000
12,2025-02-12,3547000
38,2024-05-07,4698000
30,2024-05-06,3811000
46,2024-03-10,1292000
28,2024-07-19,8737000
36,2024-05-10,5672000
49,2024-05-14,2243000
38,2024-02-29,4775000
6,2024-07-28,1990000
48,2024-03-20,2152000
6,2024-09-14,5826000
15,2024-12-05,9594000
31,2024-11-10,10463000
48,2023-12-13,5725
42,2024-09-12,1422000
46,2024-02-20,2044000
19,2024-08-25,10992000
44,2024-03-10,3659000
44,2024-04-29,10307000
30,2024-05-28,10167000
4,2024-10-26,7245000
20,2024-08-12,5326000
20,2024-09-23,10491000
3,2024-04-17,9894000
16,2024-11-09,2623000
30,2024-07-10,5589000
24,2024-08-13,10067000
43,2024-05-20,6472000
41,2024-08-06,9171000
41,2024-06-14,5060000
33,2024-10-25,10853000
8,2025-01-13,1031000
40,2024-05-01,6964000
8,2025-01-13,8729000
43,2024-05-18,2346000
38,2024-04-23,8727000
5,2024-09-08,8241000
11,2024-10-15,5733000
38,2024-04-13,1070000
12,2025-03-08,2935000
37,2024-07-08,6862
6,2024-07-07,2091000
31,2024-10-11,5484000
12,2025-02-22,9539000
43,2024-05-22,7056000
3,2024-06-06,2575000
2,2025-01-17,5243000
42,2024-08-13,8227000
33,2024-12-18,3950000
50,2024-11-28,9083000
45,2025-01-11,8318000
34,2024-12-16,4108000
29,2024-04-25,4335000
20,2024-08-03,5032
27,2024-10-18,5995000
41,2024-08-10,6167000
50,2024-10-04,10184000
35,2024-01-19,9699
44,2024-04-23,6159000
48,2024-03-29,10573000
20,2024-08-28,4564000
34,2025-01-15,3198000
7,2024-02-29,1819000
6,2024-07-23,5446000
22,2024-11-10,9524000
17,2025-01-21,4404000
22,2024-12-17,7109000
45,2025-03-14,4702000
25,2024-03-23,10929000
35,2024-02-21,9437000
23,2024-04-08,4436
36,2024-06-11,5953000
10,2024-12-07,6769000
8,2025-01-14,3237000
37,2024-08-10,3011000
35,2024-03-03,5238000
25,2024-03-30,4192000
13,2024-04-09,10228000
23,2024-04-25,9631
48,2024-03-21,9266000
29,2024-03-14,1272000
37,2024-10-08,7380000
23,2024-05-15,10339000
35,2024-02-19,5175000
15,2024-08-31,9219
30,2024-06-11,6312000
44,2024-03-04,5293000
6,2024-07-17,8896000
18,2024-03-10,7552000
39,2024-12-20,9219000
5,2024-10-10,5926000
24,2024-08-22,4481000
36,2024-05-13,9506000
32,2024-07-12,7293000
21,2024-11-01,3376000
14,2024-07-10,7475000
10,2024-10-21,8884000
16,2024-09-09,3561
20,2024-11-08,5329000
20,2024-07-01,8725
21,2024-08-13,10782
12,2025-03-18,3122000
2,2024-12-13,7047000
33,2024-11-22,8083000
28,2024-06-22,6464000
42,2024-08-28,6175000
10,2024-10-05,3658000
48,2024-02-12,8940000
37,2024-08-29,3105000
41,2024-06-26,4465000
40,2024-03-18,7012000
21,2024-12-12,9156000
40,2024-03-02,9756000
24,2024-07-12,10321000
19,2024-08-09,10098000
42,2024-06-21,9191
35,2024-04-24,7351000
12,2025-02-28,4458000
23,2024-06-26,5865000
3,2024-05-30,10955000
43,2024-05-28,5597000
48,2024-03-05,6196000
2,2024-12-30,3337000
41,2024-06-04,4194000
25,2024-02-23,10598000
48,2024-03-23,9965000
27,2024-10-28,9912000
36,2024-07-08,10235000
27,2024-12-07,2835000
43,2024-06-02,1804000
28,2024-07-09,1059000
50,2024-10-30,3074000
5,2024-10-29,8303000
11,2024-08-25,7407000
46,2024-02-18,3513000
45,2025-02-10,2859000
25,2024-01-20,10686
14,2024-05-25,1851000
16,2024-10-07,9149000
37,2024-08-09,1674000
34,2024-12-14,8426000
25,2024-02-22,6832000
32,2024-08-08,5863000
19,2024-06-22,1602000
50,2024-12-16,10701000
17,2025-01-03,2659000
5,2024-09-06,6960000
27,2024-12-08,7761000
45,2024-12-10,6564
6,2024-08-22,10031000
20,2024-09-24,2976000
12,2025-03-07,5906000
25,2024-02-19,2869000
24,2024-09-07,4729000
25,2024-04-09,6099000
36,2024-05-29,6524000
42,2024-09-14,7652000
36,2024-06-16,2172000
1,2024-05-21,2211000
10,2024-10-30,4534000
41,2024-07-30,2169000
27,2024-11-18,7733000
4,2024-12-06,1997000
50,2024-10-24,5608000
23,2024-07-17,1022000
22,2025-01-21,9123000
4,2024-11-01,1590000
23,2024-06-16,9202000
37,2024-08-21,8802000
16,2024-11-10,1180000
42,2024-09-03,1504000
5,2024-09-10,1740000
19,2024-06-22,6333000
15,2024-11-30,7065000
6,2024-05-14,2604
34,2025-01-07,4009000
17,2024-11-28,3868000
25,2024-04-02,10791000
40,2024-03-30,6063000
7,2024-03-11,4214000
22,2025-01-02,3585000
14,2024-06-08,5616000
21,2024-12-14,10118000
18,2024-01-31,2544
21,2024-11-06,6371000
2,2024-12-06,1508000
12,2025-03-02,3137000
47,2025-01-21,4502000
9,2024-05-23,6097000
35,2024-02-21,1275000
12,2024-12-11,6450
50,2024-10-02,4419000
7,2024-01-31,3608000
36,2024-05-06,8013000
17,2024-11-19,3449
5,2024-10-10,8439000
27,2024-12-26,6211000
35,2024-03-12,10275000
44,2024-05-11,3269000
45,2024-12-28,8655000
1,2024-05-21,2553000
3,2024-05-07,10597000
37,2024-07-18,2977000
1,2024-07-05,3277000
33,2024-12-27,10351000
41,2024-06-10,4902000
1,2024-07-03,5114000
11,2024-09-28,6357000
40,2024-04-22,10800000
21,2024-09-15,8991
20,2024-10-08,4638000
23,2024-06-29,6230000
27,2024-11-11,5994000
28,2024-08-04,8693000
19,2024-08-28,6675000
15,2024-09-10,1370000
10,2024-10-07,72.20000
19,2024-08-13,9341000
16,2024-12-25,9353000
2,2025-02-19,4958000
25,2023-12-12,3279
33,2024-12-08,4150000
21,2024-10-26,9876000
10,2024-11-12,2734000
19,2024-07-16,5486000
38,2024-03-28,3462000
6,2024-08-19,7792000
46,2024-01-31,4758000
8,2025-01-18,5394000
13,2024-02-13,9801000
42,2024-09-12,3998000
36,2024-07-25,4411000
7,2024-01-26,6077000
48,2024-01-27,3989000
16,2024-08-19,4901
9,2024-04-20,7520000
4,2024-12-22,5390000
1,2024-07-10,2663000
4,2024-11-05,5049000
31,2024-07-13,9370
23,2024-05-25,7046000
13,2024-02-12,5004000
1,2024-07-11,6702000
17,2024-12-18,7458000
30,2024-05-12,5359000
16,2024-11-09,7116000
3,2024-02-16,6675
7,2024-04-16,3341000
13,2024-05-07,8391000
9,2024-05-24,2496000
26,2024-09-23,8905000
2,2024-12-15,9498000
29,2024-04-29,10941000
38,2024-04-20,7133000
38,2024-01-23,10875
27,2024-10-01,3322000
41,2024-08-13,5525000
30,2024-05-01,7242000
18,2024-03-13,9714000
13,2024-03-18,1593000
18,2024-04-09,10527000
22,2024-11-20,4779000
12,2024-11-10,2397
40,2024-05-09,7025000
19,2024-07-27,6657000
47,2025-03-10,6059000
10,2024-08-04,2341
21,2024-12-14,5043000
9,2024-04-19,8967000
22,2025-01-30,4247000
28,2024-08-15,3094000
37,2024-10-02,6407000
10,2024-12-04,8959000
10,2024-09-25,7777000
18,2024-04-05,6812000
48,2024-02-23,1730000
29,2024-03-17,7785000
19,2024-06-10,10486
24,2024-07-31,7601000
34,2024-10-24,2569000
29,2024-02-16,7987
29,2024-03-07,9707000
31,2024-11-21,4265000
5,2024-09-02,8926000
17,2024-11-25,2700000
45,2025-01-01,7882000
35,2024-04-28,4687000
21,2024-11-01,4451000
35,2024-03-30,8082000
43,2024-05-23,1246000
34,2024-11-06,9825000
35,2024-05-01,3218000
40,2024-04-27,9413000
19,2024-08-10,8324000
46,2024-01-01,4964
45,2025-02-20,8495000
49,2024-05-26,5707000
40,2024-04-02,4287000
29,2024-04-21,3472000
38,2024-05-05,4473000
6,2024-06-15,1442
25,2024-02-13,5909000
11,2024-06-15,2259
43,2024-04-02,2216
33,2024-12-28,1654000
15,2024-10-18,3039000
36,2024-07-06,1059000
26,2024-08-30,7041000
19,2024-07-02,5562000
39,2024-11-15,8558000
49,2024-06-12,9361000
21,2024-11-07,3015000
38,2024-03-18,1248000
49,2024-07-10,7593000
27,2024-12-07,8150000
35,2024-01-23,1035
11,2024-06-15,2329
21,2024-12-18,4214000
23,2024-06-28,4079000
46,2024-03-22,8160000
13,2024-04-24,1212000
19,2024-09-09,4044000
1,2024-07-16,9834000
47,2025-02-08,9771000
33,2024-10-11,10631000
19,2024-08-29,3941000
15,2024-11-20,6334000
42,2024-08-26,7245000
9,2024-04-16,4900000
12,2025-01-20,10049000
44,2024-03-21,6486000
16,2024-10-21,2073000
50,2024-12-17,4740000
39,2024-11-09,6371000
33,2024-12-03,3171000
30,2024-03-14,1196
47,2025-03-01,10760000
46,2024-01-30,1952000
13,2024-03-23,3852000
13,2024-04-03,3159000
49,2024-06-21,4461000
30,2024-06-12,10419000
28,2024-07-16,7022000
39,2024-12-24,2810000
11,2024-08-13,5388000
47,2025-01-05,5922000
46,2024-03-02,4411000
30,2024-05-25,4259000
4,2025-01-06,3910000
17,2024-12-21,1436000
22,2024-10-29,2348
40,2024-03-14,1910000
7,2024-03-08,1896000
44,2024-03-02,1985000
47,2025-01-19,9797000
25,2024-04-03,2039000
13,2024-02-12,7890000
40,2024-03-20,4918000
17,2025-01-09,2040000
4,2024-10-27,5618000
39,2024-12-31,3421000
31,2024-10-20,5870000
5,2024-09-15,8163000
17,2024-11-30,6482000
29,2024-04-11,5412000
24,2024-08-28,9231000
42,2024-09-10,10426000
4,2024-12-07,9986000
39,2024-12-30,10094000
12,2025-03-14,9157000
42,2024-08-18,1881000
32,2024-06-12,4338000
36,2024-05-17,4971000
22,2024-11-28,5827000
2,2024-12-28,8458000
34,2024-12-06,1943000
19,2024-08-16,5424000
16,2024-12-24,1435000
18,2024-03-21,9750000
33,2024-11-13,3674000
40,2024-04-17,9904000
21,2024-12-09,1675000
44,2024-03-08,6422000
22,2024-12-29,1424000
39,2024-11-19,7947000
37,2024-08-30,8025000
26,2024-10-26,4347000
37,2024-08-23,4851000
38,2024-02-20,2676000
19,2024-08-19,4070000
38,2024-01-09,9401
2,2024-12-24,3753000
38,2024-02-14,6803000
46,2024-03-17,3157000
9,2024-06-22,7544000
18,2024-04-25,6607000
50,2024-12-19,3236000
29,2024-04-25,1799000
12,2025-01-24,7287000
1,2024-06-18,7159000
48,2024-01-31,9981000
36,2024-07-17,2171000
22,2025-01-13,2206000
50,2024-10-16,4362000
39,2024-12-03,3020000
11,2024-08-16,10764000
44,2024-02-07,8443
22,2024-12-11,7365000
41,2024-07-03,1097000
31,2024-11-04,6240000
20,2024-11-03,3634000
26,2024-09-10,1063000
20,2024-08-17,1892000
4,2024-11-04,9709000
45,2025-02-18,4311000
28,2024-05-05,7368
48,2024-01-23,6524000
23,2024-05-17,9721000
40,2024-03-25,5935000
16,2024-11-03,8988000
8,2024-12-23,6246000
30,2024-05-14,4918000
31,2024-10-13,9748000
24,2024-07-24,5649000
50,2024-11-09,2547000
20,2024-09-22,8095000
35,2024-03-03,4992000
33,2024-12-23,8196000
47,2025-02-07,4784000
50,2024-10-14,5130000
26,2024-08-27,1036000
47,2025-02-14,3536000
14,2024-07-27,2238000
7,2024-03-29,9817000
34,2025-01-17,3517000
26,2024-09-16,10319000
41,2024-06-27,6622000
39,2024-12-23,2127000
17,2025-01-28,6207000
43,2024-05-13,9053000
4,2024-12-01,9249000
7,2024-02-11,10919000
26,2024-08-15,4971
50,2024-09-15,4203
42,2024-07-31,8150000
18,2024-05-06,2062000
15,2024-10-19,8641000
25,2024-03-21,5494000
39,2025-01-01,5025000
38,2024-05-05,10997000
33,2024-10-26,5559000
28,2024-06-23,1163000
38,2024-04-25,10788000
29,2024-04-18,6644000
49,2024-04-23,3468000
44,2024-04-27,6567000
37,2024-08-30,1353000
21,2024-10-28,2708000
48,2024-03-06,2350000
28,2024-08-10,3415000
19,2024-06-07,9490
29,2024-05-15,2543000
20,2024-10-15,8594000
43,2024-06-07,9396000
24,2024-07-25,6618000
13,2024-04-14,5028000
38,2024-04-12,5224000
15,2024-11-19,7871000
47,2025-01-14,10610000
37,2024-09-18,6856000
31,2024-08-28,6427000
43,2024-07-21,2636000
45,2025-03-11,7705000
18,2024-03-17,4478000
30,2024-04-20,6809000
15,2024-09-19,6502000
29,2024-05-06,3703000
17,2025-02-13,2691000
20,2024-10-12,6815000
24,2024-09-07,2779000
16,2024-11-29,1187000
27,2024-10-18,5838000
49,2024-04-08,9183
18,2024-04-30,9535000
37,2024-10-07,3524000
19,2024-07-31,6512000
2,2025-01-16,1003000
20,2024-08-26,2826000
50,2024-10-04,5229000
47,2024-12-30,8681000
2,2024-10-22,4703
23,2024-06-09,6415000
7,2024-02-14,9121000
14,2024-06-24,5392000
49,2024-06-16,2049000
26,2024-09-04,1331000
4,2024-12-20,3060000
12,2024-12-19,5926
9,2024-05-08,5527000
23,2024-06-02,8200000
24,2024-06-10,2535
10,2024-11-29,1183000
46,2024-04-02,6128000
10,2024-10-22,7438000
12,2025-01-06,7922000
30,2024-07-06,3469000
42,2024-10-02,10052000
48,2024-03-16,3215000
50,2024-12-19,9887000
14,2024-06-04,10198000
25,2024-03-11,6929000
24,2024-09-30,5852000
41,2024-08-20,4140000
14,2024-06-27,4389000
48,2024-03-10,9409000
15,2024-09-21,4041000
21,2024-12-21,8445000
39,2025-01-01,2903000
4,2024-12-27,5339000
14,2024-05-08,8312000
41,2024-07-03,9348000
14,2024-06-19,7342000
36,2024-07-25,9219000
40,2024-04-19,4751000
7,2024-03-30,4574000
8,2025-01-18,6906000
49,2024-07-07,9680000
26,2024-11-14,4162000
5,2024-09-05,6542000
15,2024-10-16,4049000
5,2024-07-29,10146
42,2024-10-17,2053000
3,2024-02-01,6950
46,2024-04-01,9774000
20,2024-08-17,7292000
24,2024-09-09,8966000
49,2024-07-03,6349000
46,2023-12-15,5299
10,2024-10-26,9410000
12,2025-01-31,8316000
6,2024-08-07,3240000
3,2024-04-12,8603000
40,2024-02-01,7321
38,2024-02-17,9185000
28,2024-07-10,2585000
8,2024-11-13,10922000
43,2024-06-02,6433000
9,2024-05-10,10627000
1,2024-06-03,8642000
36,2024-05-04,10816000
24,2024-09-01,1849000
1,2024-05-15,8508000
33,2024-13-21,9537000
36,2024-06-03,3405000
32,2024-07-24,3680000
28,2024-09-03,6607000
33,2024-10-20,6680000
17,2024-12-16,7562000
24,2024-08-10,10101000
45,2025-01-23,10486000
44,2024-04-23,1202000
44,2024-01-28,2377
21,2024-11-28,7805000
23,2024-06-25,1723000
43,2024-06-22,4603000
4,2024-11-15,6434000
10,2024-11-21,2408000
32,2024-06-26,10837000
20,2024-10-28,8382000
12,2025-02-02,5044000
16,2024-08-13,6165
39,2024-12-16,9788000
26,2024-11-07,4567000
27,2024-10-07,1989000
20,2024-09-28,9799000
5,2024-10-10,1076000
49,2024-03-08,7995
25,2024-04-01,7799000
41,2024-07-07,5706000
26,2024-11-13,7164000
36,2024-07-17,7529000
42,2024-07-26,2356
45,2024-12-27,10535000
34,2024-11-02,6893000
38,2024-03-17,6757000
50,2024-10-10,5453000
35,2024-02-05,6432000
29,2024-04-02,1595000
29,2024-05-18,7956000
34,2024-10-25,6736000
1,2024-05-27,10815000
9,2024-05-22,4653000
28,2024-06-11,4776000
38,2024-03-09,5529000
5,2024-08-18,9329000
11,2024-09-03,1267000
31,2024-09-15,10634000
5,2024-09-20,6085000
11,2024-09-07,9101000
12,2025-02-27,9985000
7,2024-03-26,1885000
29,2024-05-24,1964000
47,2024-12-26,4903000
42,2024-09-25,8830000
8,2024-11-11,8823000
27,2024-08-17,9137
37,2024-08-16,1907000
29,2024-04-25,5556000
14,2024-06-07,5449000
23,2024-07-13,1846000
27,2024-11-20,6362000
8,2024-12-24,7219000
49,2024-06-10,7116000
8,2025-01-15,9754000
46,2024-03-09,9401000
13,2024-05-10,4979000
7,2024-03-02,9571000
2,2025-02-08,10296000
40,2024-03-21,3242000
5,2024-07-01,4490
38,2024-04-17,5978000
36,2024-07-13,9575000
10,2024-12-05,9755000
22,2024-11-16,2625000
2,2025-01-29,7120000
5,2024-09-02,4232000
4,2025-01-08,8598000
3,2024-04-06,2281000
12,2024-11-27,8291
1,2024-07-09,7580000
9,2024-04-07,10983000
50,2024-11-29,6477000
31,2024-07-29,7621
22,2025-01-26,8678000
23,2024-05-09,9747000
31,2024-10-12,9838000
28,2024-09-03,6537000
5,2024-07-29,7981
47,2025-02-28,1013000
24,2024-07-27,4883000
3,2024-05-02,5197000
17,2025-01-21,9739000
14,2024-07-08,8798000
46,2024-03-10,2480000
29,2024-05-27,9668000
21,2024-10-26,3711000
47,2025-01-04,7861000
5,2024-06-17,7765
37,2024-09-11,6771000
50,2024-10-13,4719000
3,2024-03-18,2568000
3,2024-05-11,3230000
36,2024-06-22,3763000
16,2024-10-03,1630000
49,2024-06-03,3620000
6,2024-07-09,4965000
27,2024-11-30,1548000
2,2024-12-10,4338000
2,2025-01-16,7669000
16,2024-11-02,7418000
41,2024-08-24,6456000
7,2024-01-17,1618
21,2024-10-08,10745000
15,2024-10-01,7798000
3,2024-04-08,8636000
8,2024-12-30,3510000
15,2024-10-27,2726000
1,2024-07-23,7152000
34,2024-11-28,3841000
17,2024-11-23,8666000
32,2024-06-23,2755000
8,2024-12-06,7950000
36,2024-07-17,5433000
18,2024-05-06,6954000
22,2025-01-17,4818000
7,2024-01-08,1282
32,2024-05-30,1358000
30,2024-07-10,10947000
21,2024-10-11,4513000
36,2024-07-20,10680000
33,2024-11-21,5518000
13,2024-01-20,1028
8,2024-12-30,1676000
45,2024-12-22,5548000
34,2024-12-28,2420000
14,2024-07-27,7376000
25,2024-02-14,3186000
50,2024-09-05,9509
48,2024-02-20,5006000
18,2024-05-08,2403000
6,2024-08-30,2923000
15,2024-09-30,1620000
18,2024-04-16,3433000
17,2025-01-27,9402000
17,2024-11-24,1178000
40,2024-04-03,3548000
34,2024-11-12,6520000
32,2024-05-22,5281000
32,2024-07-02,9505000
27,2024-10-29,10540000
28,2024-09-01,8477000
50,2024-11-05,1806000
35,2024-04-20,10430000
34,2024-12-18,2750000
48,2024-01-24,8836000
7,2024-03-04,5630000
11,2024-08-15,5160000
15,2024-11-13,3209000
35,2024-04-03,1907000
36,2024-04-05,2836
29,2024-03-12,6806000
13,2024-02-03,9965
3,2024-06-01,1845000
29,2024-05-13,4028000
28,2024-07-03,10828000
35,2024-02-11,6476000
22,2024-11-13,6833000
16,2024-11-14,9952000
41,2024-07-14,4866000
33,2024-11-08,7156000
28,2024-06-19,1044000
47,2024-12-28,2659000
16,2024-09-06,2185
21,2024-12-10,6232000
45,2024-12-27,3252000
18,2024-04-05,6098000
45,2025-02-17,9116000
14,2024-05-08,2298000
49,2024-05-25,5402000
14,2024-03-18,3448
43,2024-07-04,5729000
23,2024-06-16,9310000
13,2024-04-23,8279000
21,2024-10-21,3827000
17,2024-12-22,1155000
15,2024-09-27,2864000
17,2025-02-10,5206000
29,2024-04-04,4808000
33,2024-09-15,4065
25,2024-04-22,2161000
35,2024-02-12,3200000
48,2024-02-28,1583000
10,2024-11-08,4137000
22,2024-11-26,9500000
14,2024-06-20,7589000
25,2024-02-13,8532000
45,2025-02-18,8159000
38,2024-02-27,1598000
25,2024-04-13,1085000
20,2024-10-23,10346000
50,2024-10-16,5904000
27,2024-11-13,5957000
2,2024-12-20,2445000
50,2024-08-26,1526
4,2024-09-06,10292
25,2024-04-04,2780000
43,2024-07-20,2462000
13,2024-03-10,7259000
50,2024-10-30,7877000
40,2024-01-29,10787
27,2024-11-03,9033000
2,2025-01-27,10021000
44,2024-05-01,2525000
40,2024-04-25,1949000
36,2024-06-11,4638000
37,2024-06-10,2276
1,2024-04-23,4073
20,2024-08-25,7737000
5,2024-09-04,9112000
14,2024-05-05,10258000
12,2025-03-09,5657000
18,2024-04-07,5147000
49,2024-05-23,4562000
36,2024-06-04,2018000
33,2024-11-09,1885000
27,2024-12-28,1771000
38,2024-04-22,4434000
35,2024-04-07,8022000
25,2024-01-28,8453000
25,2024-04-10,10817000
3,2024-05-15,1982000
46,2024-01-30,3254000
33,2024-10-25,9020000
16,2024-11-18,7664000
31,2024-10-11,2666000
27,2024-12-18,7933000
31,2024-11-11,4939000
16,2024-11-20,8232000
4,2024-11-25,2871000
35,2024-02-07,2775000
31,2024-09-01,3780000
6,2024-08-14,3943000
20,2024-09-16,3588000
50,2024-11-12,9988000
22,2024-11-15,2482000
50,2024-12-09,2838000
2,2024-12-21,9203000
29,2024-02-12,8911
12,2025-03-17,5740000
32,2024-07-06,1010000
2,2025-02-14,8801000
37,2024-09-14,10490000
15,2024-11-13,4248000
12,2024-12-14,4344
13,2024-05-02,9353000
3,2024-04-18,4282000
42,2024-09-29,10654000
22,2024-11-08,5632000
33,2024-10-20,8815000
36,2024-05-03,6611000
35,2024-03-08,1162000
44,2024-04-01,6458000
8,2024-12-03,6236000
2,2025-02-24,2224000
12,2025-03-21,8109000
12,2025-01-15,8503000
8,2024-12-06,2023000
35,2024-04-03,3477000
34,2024-12-09,8673000
19,2024-07-27,3999000
45,2024-12-28,3245000
18,2024-05-27,4308000
21,2024-10-17,9755000
48,2024-03-28,5350000
1,2024-06-01,8015000
23,2024-05-26,5551000
7,2024-03-31,7628000
41,2024-08-04,10169000
19,2024-09-03,9356000
10,2024-09-07,8675
6,2024-08-26,6422000
42,2024-09-18,7716000
49,2024-05-01,6135000
45,2025-01-10,3427000
35,2024-02-14,4691000
8,2024-11-14,6024000
5,2024-10-20,4868000
21,2024-10-27,10813000
3,2024-06-01,1601000
15,2024-08-19,2331
6,2024-05-28,3396
38,2024-04-03,3343000
39,2024-11-20,10287000
15,2024-11-07,4546000
45,2025-01-07,10196000
44,2024-04-06,4683000
16,2024-11-07,10236000
37,2024-09-04,7520000
2,2025-01-11,6779000
12,2025-02-28,10690000
47,2025-01-19,6064000
49,2024-03-04,10630
32,2024-04-06,2521
46,2024-01-06,2148000
29,2024-05-28,9344000
27,2024-11-09,4437000
46,2024-02-22,6365000
32,2024-06-18,3762000
1,2024-04-15,8434
33,2024-10-03,8915
36,2024-04-21,4051
13,2024-03-20,2315000
6,2024-08-20,4785000
48,2024-02-09,2901000
48,2023-12-04,3816
34,2025-01-15,4466000
25,2024-04-03,8513000
34,2024-09-20,9609
22,2024-12-03,5099000
38,2024-04-26,5404000
7,2024-03-13,1957000
21,2024-09-28,7222000
33,2024-10-28,6937000
41,2024-06-26,4591000
6,2024-07-14,5911000
5,2024-10-16,6400000
38,2024-03-03,9473000
42,2024-10-15,8010000
29,2024-01-31,5894
45,2025-01-30,10690000
10,2024-10-24,8854000
47,2024-12-07,10756
45,2025-01-13,8012000
1,2024-07-29,6545000
8,2024-10-11,10041
18,2024-05-01,10586000
26,2024-09-02,4698000
47,2025-03-02,1690000
23,2024-07-14,3727000
35,2024-02-25,4007000
12,2025-01-04,2236000
25,2024-04-06,1887000
35,2024-02-10,9636000
4,2025-01-15,10746000
22,2025-01-22,5431000
45,2025-03-19,1342000
10,2024-11-28,9672000
39,2024-11-10,3193000
12,2025-02-04,10326000
7,2024-04-09,6685000
30,2024-05-19,8907000
5,2024-08-09,5365000
37,2024-10-02,1849000
19,2024-08-22,9549000
18,2024-03-18,5404000
12,2025-02-07,3949000
24,2024-09-20,3810000
43,2024-06-12,7011000
13,2024-04-11,7366000
4,2024-12-11,1133000
12,2025-02-07,6151000
3,2024-06-03,10388000
27,2024-10-24,1381000
15,2024-09-38,6542000
40,2024-05-10,10184000
24,2024-09-17,10580000
40,2024-04-05,5970000
42,2024-09-10,9760000
10,2024-10-04,4713000
37,2024-07-22,2481000
9,2024-05-29,5220000
49,2024-05-15,2102000
31,2024-10-14,8562000
19,2024-05-16,3379
31,2024-10-07,9110000
11,2024-10-05,2363000
21,2024-10-03,3307000
11,2024-08-22,7832000
2,2025-02-06,8989000
26,2024-08-17,2778
39,2025-01-11,1952000
8,2025-01-23,7312000
3,2024-04-24,1951000
15,2024-11-27,3255000
4,2025-01-04,10337000
21,2024-12-10,10704000
39,2024-12-07,8005000
39,2024-09-25,8670
19,2024-08-05,10139000
3,2024-04-08,4986000
50,2024-11-17,2620000
42,2024-09-30,9297000
22,2025-02-01,10847000
50,2024-10-07,10740000
7,2024-04-11,7522000
36,2024-07-14,8801000
43,2024-04-14,5490
45,2024-12-04,3277
4,2024-11-07,10474000
28,2024-06-02,9591
43,2024-06-06,4871000
2,2025-02-05,4680000
30,2024-07-06,1135000
7,2024-02-03,4910000
12,2025-01-09,4192000
42,2024-10-23,9132000
7,2024-03-31,3288000
4,2024-12-16,8701000
2,2025-01-14,4207000
15,2024-07-31,7641
12,2025-01-20,2092000
22,2024-10-11,4380
3,2024-04-03,10372000
38,2024-03-30,5347000
11,2024-08-23,2723000
40,2024-05-11,6970000
34,2025-01-14,9068000
23,2024-06-05,2629000
17,2024-12-10,9838000
7,2024-03-18,4723000
18,2024-01-23,7151
30,2024-05-22,3710000
43,2024-05-27,1408000
9,2024-06-29,3940000
39,2025-01-14,1828000
37,2024-09-04,9032000
16,2024-10-15,7490000
40,2024-04-09,8175000
33,2024-12-13,10458000
34,2024-11-13,5086000
43,2024-06-30,1930000
15,2024-10-13,10367000
17,2025-01-27,8977000
46,2024-02-23,6135000
30,2024-05-06,5690000
47,2024-12-14,4858
39,2024-11-09,3722000
16,2024-10-04,8662000
43,2024-08-01,10766000
2,2024-12-27,2347000
7,2024-02-16,3787000
48,2024-01-26,2443000
43,2024-06-24,4394000
9,2024-02-14,6745
46,2024-03-08,6365000
33,2024-09-20,6857
15,2024-08-20,7290
28,2024-09-02,9288000
25,2024-01-25,4383000
36,2024-05-29,10571000
49,2024-06-17,5721000
40,2024-03-20,4507000
12,2025-03-10,7043000
20,2024-09-28,8468000
32,2024-06-21,2547000
42,2024-10-20,5813000
42,2024-10-22,2483000
18,2024-05-09,5243000
24,2024-07-08,7789000
29,2024-05-19,6428000
3,2024-02-13,9570
13,2024-03-06,2211000
45,2024-12-21,9656000
50,2024-10-20,2428000
27,2024-10-18,10075000
17,2025-01-03,2104000
11,2024-08-07,1908000
41,2024-08-12,10341000
35,2024-03-20,5606000
7,2024-04-09,8414000
45,2024-12-27,6282000
27,2024-10-31,1742000
49,2024-07-16,3374000
46,2024-01-29,9936000
26,2024-09-15,5562000
8,2024-12-27,3515000
49,2024-06-08,6752000
5,2024-10-31,10973000
7,2024-01-20,6078000
10,2024-11-23,3391000
15,2024-10-30,10895000
8,2024-11-30,7405000
8,2024-11-03,5144
13,2024-03-05,9271000
7,2024-02-26,6683000
16,2024-10-03,3663000
13,2024-03-12,4252000
1,2024-07-05,6027000
25,2024-01-27,7760000
1,2024-06-27,7670000
5,2024-09-09,2104000
43,2024-06-13,9506000
40,2024-05-11,6823000
47,2025-01-24,9932000
4,2025-01-14,5622000
50,2024-10-31,8598000
42,2024-09-17,8278000
38,2024-02-14,9671000
15,2024-09-09,3475000
46,2024-02-10,2678000
37,2024-09-08,9050000
19,2024-07-29,6236000
30,2024-05-12,10631000
48,2024-02-21,6297000
11,2024-07-22,3068000
44,2024-02-24,8102000
31,2024-10-22,7782000
27,2024-12-07,8666000
20,2024-09-08,7709000
17,2025-01-29,5938000
5,2024-10-01,10602000
47,2025-03-07,4650000
48,2024-02-02,5493000
4,2025-01-17,2165000
48,2024-04-15,5957000
13,2024-05-08,6019000
48,2024-03-18,10014000
28,2024-07-18,4833000
38,2024-04-18,8103000
8,2025-01-09,10541000
29,2024-05-20,6947000
8,2025-01-09,1652000
50,2024-10-11,1747000
32,2024-07-31,2977000
1,2024-06-24,1692000
30,2024-05-29,9652000
39,2024-11-18,3251000
42,2024-07-20,5924
32,2024-05-26,2286000
26,2024-10-02,5717000
35,2024-03-17,1648000
31,2024-11-07,6735000
40,2024-03-08,10473000
8,2024-11-10,6417000
22,2024-12-29,3696000
15,2024-10-23,5835000
30,2024-05-03,1160000
33,2024-11-12,4511000
24,2024-05-18,10337
44,2024-03-26,10893000
15,2024-11-28,3070000
48,2024-04-06,8753000
10,2024-10-13,9027000
43,2024-07-11,2247000
48,2024-02-27,4051000
1,2024-04-15,10541
28,2024-06-13,5838000
14,2024-05-05,8198000
17,2025-01-10,4936000
50,2024-11-29,10053000
2,2025-02-05,10969000
37,2024-08-31,6409000
25,2024-04-12,9939000
6,2024-08-14,2420000
19,2024-07-05,3543000
39,2024-12-09,1124000
6,2024-08-15,7604000
43,2024-04-26,4366
45,2025-02-07,4419000
47,2025-01-01,2313000
10,2024-11-14,1228000
7,2024-04-06,4212000
30,2024-05-14,2054000
28,2024-08-21,3197000
49,2024-06-09,9948000
15,2024-11-01,10319000
19,2024-05-01,4268
37,2024-08-20,4556000
1,2024-04-25,10417
36,2024-07-01,2036000
50,2024-12-01,4488000
30,2024-03-24,9319
19,2024-07-25,4958000
19,2024-08-31,3552000
37,2024-10-02,5794000
4,2024-12-30,10987000
31,2024-09-06,6060000
9,2024-04-02,4137000
20,2024-10-11,4150000
8,2025-01-07,5490000
36,2024-05-05,7506000
11,2024-09-27,3109000
10,2024-10-08,8828000
2,2025-02-22,7883000
26,2024-08-31,5988000
27,2024-10-27,6882000
28,2024-08-02,6078000
12,2025-03-06,1186000
4,2024-11-21,7762000
44,2024-04-27,1293000
6,2024-08-03,2962000
36,2024-06-04,1877000
10,2024-10-29,2007000
32,2024-07-30,1005000
22,2025-01-26,1392000
18,2024-04-06,1105000
39,2024-11-29,9861000
49,2024-04-27,9470000
45,2025-01-05,2759000
26,2024-11-10,3244000
16,2024-12-04,5518000
4,2024-11-03,2286000
45,2025-01-29,8285000
6,2024-09-16,2767000
20,2024-08-20,1872000
18,2024-05-01,7091000
24,2024-07-09,3957000
13,2024-04-19,8285000
11,2024-10-02,10703000
43,2024-06-08,8945000
35,2024-02-29,4026000
24,2024-09-15,3176000
46,2024-02-08,4063000
47,2025-01-31,5089000
33,2024-10-31,3574000
8,2024-12-17,2100000
15,2024-09-30,8412000
44,2024-04-26,8381000
22,2024-11-21,3737000
38,2024-02-23,1392000
10,2024-10-28,4623000
15,2024-09-23,9719000
46,2023-12-06,6034
7,2024-02-03,2982000
40,2024-04-23,3223000
3,2024-03-09,7119
2,2025-02-27,2641000
39,2025-01-27,6532000
2,2024-12-17,2974000
35,2024-03-02,6308000
2,2025-02-01,3995000
4,2024-12-13,4829000
48,2024-03-14,3838000
36,2024-07-04,5163000
50,2024-12-08,7657000
1,2024-06-19,4480000
35,2024-02-29,2511000
29,2024-05-20,9300000
41,2024-08-01,9923000
3,2024-03-27,3686000
5,2024-08-19,1574000
4,2024-11-30,10990000
40,2024-04-05,8610000
44,2024-03-14,6618000
21,2024-11-02,8975000
11,2024-09-25,10795000
19,2024-08-10,6390000
11,2024-06-20,10046
35,2024-02-17,6139000
48,2024-02-01,5265000
31,2024-10-18,2347000
15,2024-11-21,10001000
39,2024-12-02,3345000
27,2024-11-11,1953000
29,2024-04-08,2918000
11,2024-06-04,8465
28,2024-05-30,2463
9,2024-04-16,1256000
39,2024-12-19,7783000
6,2024-09-10,2779000
22,2025-01-17,6175000
32,2024-07-04,4336000
11,2024-09-17,9254000
23,2024-05-31,10429000
41,2024-08-03,9916000
10,2024-09-17,2274000
18,2024-04-10,3414000
31,2024-08-21,6785
2,2025-02-06,5313000
10,2024-10-15,10947000
20,2024-11-02,3207000
26,2024-10-25,1244000
7,2024-02-09,5752000
36,2024-04-30,7971000
13,2024-04-05,9732000
31,2024-11-07,1299000
21,2024-12-17,1045000
21,2024-11-20,4917000
27,2024-10-11,6385000
43,2024-06-26,5681000
21,2024-10-02,8962000
6,2024-08-24,2302000
4,2024-11-01,4247000
33,2024-11-04,5589000
42,2024-08-23,2390000
19,2024-07-16,2198000
34,2024-12-28,4478000
14,2024-06-19,5966000
27,2024-10-20,7683000
24,2024-05-27,9140
44,2024-03-27,10715000
34,2024-09-19,3777
1,2024-08-11,5975000
44,2024-02-26,2000000
48,2024-01-24,10595000
9,2024-04-23,3575000
24,2024-08-19,10464000
19,2024-09-13,1543000
1,2024-07-19,8872000
43,2024-06-11,5282000
45,2025-03-13,3344000
49,2024-06-29,2115000
36,2024-06-26,1386000
30,2024-05-22,8794000
45,2024-11-16,7642
31,2024-08-27,3654000
14,2024-05-09,4081000
42,2024-10-22,4445000
48,2024-01-22,1089000
38,2024-04-08,7923000
2,2024-10-29,9600
31,2024-10-07,10955000
10,2024-10-13,6747000
3,2024-03-16,4314000
29,2024-03-18,9479000
47,2024-12-15,8849000
36,2024-07-09,2160000
12,2024-12-30,1026000
5,2024-08-22,5159000
20,2024-09-17,3536000
5,2024-08-29,3258000
23,2024-07-19,10244000
16,2024-12-06,10503000
46,2024-01-19,8954000
39,2024-12-31,5736000
18,2024-04-26,9610000
21,2024-09-06,10618
17,2025-01-17,3706000
30,2024-05-07,5923000
15,2024-10-29,8535000
6,2024-06-22,7043
10,2024-08-14,6471
2,2024-11-17,1404
47,2025-03-09,2878000
28,2024-06-25,9021000
46,2024-02-21,1289000
35,2024-03-04,10625000
42,2024-10-14,6794000
4,2024-10-07,2356
32,2024-06-10,7761000
19,2024-07-04,4832000
19,2024-06-28,1416000
36,2024-07-02,4125000
16,2024-11-30,6156000
26,2024-11-10,7043000
1,2024-04-16,10969
49,2024-06-12,1207000
9,2024-06-01,2893000
40,2024-02-12,5385
39,2024-10-20,3367
6,2024-06-08,7032
41,2024-07-22,5452000
48,2024-02-14,2415000
13,2024-01-17,10670
9,2024-04-08,6752000
17,2024-12-16,7537000
27,2024-08-20,3869
25,2024-04-14,9940000
27,2024-11-24,2616000
19,2024-06-26,2709000
4,2025-01-11,8810000
35,2024-02-15,10494000
12,2025-01-20,9265000
28,2024-07-21,2520000
24,2024-09-17,10215000
41,2024-07-01,5511000
41,2024-08-31,1708000
2,2024-10-15,10294
8,2025-01-15,10870000
24,2024-09-08,7899000
14,2024-06-24,4551000
47,2025-02-28,8633000
19,2024-07-15,4577000
47,2024-12-16,4594000
5,2024-08-17,9136000
28,2024-07-06,8134000
41,2024-05-07,8424
39,2024-11-13,1009000
38,2024-02-02,7160
33,2024-12-03,4297000
40,2024-03-26,1034000
50,2024-11-22,9453000
23,2024-05-17,3872000
22,2024-12-11,8328000
16,2024-11-24,5297000
40,2024-05-21,9649000
25,2024-02-14,5986000
7,2024-04-12,8548000
1,2024-06-10,10893000
26,2024-10-24,4258000
13,2024-03-23,3951000
36,2024-07-13,7829000
39,2024-12-30,9922000
25,2024-03-24,6278000
40,2024-05-01,1610000
10,2024-11-05,6130000
32,2024-06-15,9830000
45,2025-02-23,2825000
29,2024-04-12,4650000
40,2024-05-25,6171000
20,2024-09-25,3748000
49,2024-05-07,7285000
39,2024-12-22,8371000
27,2024-09-06,9674
34,2024-12-29,9574000
42,2024-08-01,4833000
46,2024-01-05,8830000
30,2024-05-05,5747000
10,2024-10-30,1319000
25,2024-02-03,9747000
11,2024-08-02,2834000
26,2024-08-21,3760000
48,2024-01-05,7789
50,2024-10-31,3353000
44,2024-04-06,5809000
10,2024-10-13,9401000
30,2024-05-05,3777000
7,2024-02-14,3450000
19,2024-09-06,4231000
3,2024-04-29,5148000
18,2024-04-07,3348000
18,2024-04-29,6743000
36,2024-07-20,1817000
28,2024-06-13,10156000
18,2024-06-02,4833000
45,2025-02-02,6919000
38,2024-03-17,10871000
32,2024-08-11,8292000
22,2025-01-10,10718000
6,2024-08-28,8212000
24,2024-08-05,9626000
36,2024-03-16,8455
17,2025-02-14,5816000
8,2024-12-06,10485000
11,2024-08-22,9683000
31,2024-10-17,8572000
49,2024-06-26,6324000
42,2024-09-18,1434000
13,2024-02-17,2098000
44,2024-04-24,9212000
44,2024-05-11,1239000
43,2024-06-10,8922000
14,2024-06-05,7081000
32,2024-05-25,4683000
50,2024-09-29,2104000
44,2024-01-12,9937
38,2024-02-29,4436000
31,2024-07-17,5279
30,2024-04-24,8933000
2,2024-11-22,9569
47,2025-02-17,4387000
9,2024-04-13,6384000
18,2024-03-23,7799000
43,2024-08-06,7748000
16,2024-12-22,4135000
27,2024-10-04,8949000
11,2024-10-14,3260000
29,2024-04-17,2445000
28,2024-08-24,6038000
22,2025-01-24,6069000
26,2024-08-28,1644000
25,2024-02-02,4737000
31,2024-10-27,8693000
23,2024-07-27,2849000
29,2024-04-21,7894000
6,2024-08-18,10833000
37,2024-07-20,2485000
49,2024-06-20,4144000
1,2024-07-12,3581000
25,2024-02-25,2778000
5,2024-10-17,5616000
40,2024-03-05,9174000
50,2024-10-12,7053000
5,2024-08-05,3444000
48,2024-03-19,2898000
31,2024-09-06,8628000
42,2024-09-14,3377000
24,2024-06-25,9451
26,2024-08-22,3407000
40,2024-04-22,2519000
9,2024-02-21,5620
28,2024-08-23,9171000
22,2024-12-10,10130000
44,2024-03-26,10910000
24,2024-08-09,1179000
21,2024-12-09,5164000
27,2024-09-13,6341
41,2024-08-06,3312000
46,2023-12-19,10239
49,2024-05-30,8506000
20,2024-10-11,4058000
6,2024-07-24,4481000
39,2024-11-14,9853000
15,2024-10-27,4875000
23,2024-06-03,2448000
32,2024-04-28,6235
8,2025-02-01,1512000
47,2025-01-21,8077000
37,2024-09-04,9213000
9,2024-05-02,9123000
34,2024-10-31,6303000
16,2024-10-02,2504000
4,2024-12-17,2834000
20,2024-08-12,8430000
37,2024-07-30,10296000
21,2024-11-01,10970000
1,2024-06-30,4062000
14,2024-07-03,1821000
41,2024-06-14,10121000
19,2024-07-25,5074000
46,2024-03-23,8407000
37,2024-06-04,2123
49,2024-06-18,3950000
26,2024-08-27,9011000
24,2024-05-19,6921
50,2024-11-11,5297000
14,2024-07-04,8063000
34,2024-11-09,2278000
9,2024-06-03,3113000
48,2024-02-17,8123000
27,2024-11-19,6504000
24,2024-08-25,10733000
15,2024-10-04,2687000
4,2024-12-10,6367000
15,2024-11-29,2412000
4,2024-09-18,3906
13,2024-03-11,8324000
31,2024-10-15,8270000
49,2024-05-07,2285000
29,2024-05-25,5941000
28,2024-06-18,6431000
47,2025-01-06,9522000
24,2024-09-10,2875000
26,2024-08-31,7585000
25,2024-01-19,1102
45,2025-02-17,9842000
11,2024-09-28,7944000
50,2024-11-25,8473000
9,2024-04-07,1048000
12,2025-03-24,7610000
49,2024-06-08,2110000
26,2024-09-11,10710000
33,2024-12-12,8508000
43,2024-08-06,3734000
19,2024-09-10,5835000
13,2024-04-18,4701000
30,2024-06-26,3333000
40,2024-02-29,1128
35,2024-04-05,10219000
36,2024-06-04,5518000
12,2025-03-05,4011000
16,2024-09-03,10218
14,2024-06-25,7761000
27,2024-11-17,2456000
18,2024-05-19,5648000
30,2024-07-12,2897000
45,2025-03-05,8997000
7,2024-02-29,6480000
50,2024-11-29,2355000
26,2024-09-17,9864000
14,2024-05-20,4107000
26,2024-10-25,1404000
2,2025-02-07,8893000
12,2025-02-10,9637000
34,2024-10-25,1712000
27,2024-10-24,9293000
4,2024-11-24,6000000
40,2024-03-30,10116000
6,2024-08-06,7715000
11,2024-08-31,5769000
23,2024-05-23,4288000
8,2025-02-02,5912000
38,2024-03-25,3996000
18,2024-06-04,1569000
47,2025-03-12,5163000
34,2025-01-12,5658000
32,2024-05-14,2217
5,2024-07-09,8461
46,2024-01-19,10417000
5,2024-09-16,2878000
14,2024-05-07,7885000
32,2024-07-26,6998000
38,2024-04-07,10028000
31,2024-10-16,2592000
8,2024-12-03,9534000
38,2024-02-23,2187000
9,2024-06-25,4897000
27,2024-11-03,8535000
10,2024-10-16,10133000
17,2025-01-15,3492000
31,2024-11-04,8779000
28,2024-06-07,6306
33,2024-12-11,8746000
40,2024-05-22,9927000
13,2024-03-03,5821000
34,2024-11-18,4788000
43,2024-08-01,10220000
10,2024-11-05,5424000
20,2024-10-30,8952000
40,2024-03-08,10891000
20,2024-10-25,9954000
24,2024-09-12,9356000
26,2024-10-14,7177000
13,2024-04-29,9451000
20,2024-09-10,10451000
4,2024-09-16,6546
47,2024-10-27,7339
9,2024-06-03,8917000
27,2024-10-18,9062000
18,2024-03-28,9662000
48,2024-01-27,6014000
48,2023-12-07,5666
38,2024-04-27,1371000
16,2024-12-22,6353000
9,2024-06-23,2323000
25,2024-03-21,8996000
21,2024-11-22,6419000
26,2024-11-05,4046000
37,2024-07-31,8240000
46,2024-02-24,2791000
19,2024-09-08,7284000
29,2024-05-17,2967000
46,2024-02-08,9189000
49,2024-07-02,2416000
23,2024-05-20,6053000
22,2024-11-16,4356000
31,2024-11-08,10007000
30,2024-06-04,7841000
33,2024-12-25,2596000
3,2024-03-08,1945
4,2024-12-23,2182000
26,2024-09-04,8322000
10,2024-08-05,4516
16,2024-11-21,4247000
49,2024-06-06,10354000
37,2024-09-10,8884000
6,2024-08-19,9766000
14,2024-05-29,3828000
32,2024-06-16,3203000
15,2024-10-16,7102000
34,2024-12-13,8768000
30,2024-04-13,10484
18,2024-04-07,9614000
22,2024-11-13,2683000
3,2024-05-09,10187000
1,2024-06-24,4341000
47,2025-02-11,9357000
1,2024-06-11,6227000
46,2024-01-25,3578000
31,2024-09-14,1920000
41,2024-08-19,10643000
49,2024-05-20,10079000
7,2023-12-18,2211
21,2024-11-26,4053000
37,2024-10-01,3467000
34,2025-01-11,4147000
10,2024-07-27,6320
18,2024-03-15,3781000
27,2024-12-15,8223000
20,2024-10-12,2441000
13,2024-02-04,5236
14,2024-07-02,8107000
49,2024-05-28,10728000
14,2024-05-22,9302000
16,2024-10-24,10275000
46,2023-12-02,1171
36,2024-04-03,7606
43,2024-06-25,4883000
39,2024-11-29,3050000
32,2024-05-26,8907000
12,2025-01-31,5739000
43,2024-04-23,9825
32,2024-07-10,3910000
49,2024-03-02,5268
41,2024-07-11,4394000
42,2024-08-30,10155000
41,2024-08-10,5076000
47,2024-12-07,1305
8,2025-02-05,8264000
3,2024-04-21,9387000
17,2024-12-09,3137000
5,2024-08-18,1657000
6,2024-06-30,8291000
12,2025-01-23,8037000
22,2024-11-07,5467000
46,2024-03-04,10579000
15,2024-10-13,1316000
22,2024-11-24,5660000
9,2024-04-07,10843000
6,2024-07-22,7672000
6,2024-08-10,10919000
30,2024-06-15,3547000
28,2024-08-25,1826000
37,2024-07-27,4222000
25,2024-03-01,4157000
11,2024-08-30,5151000
47,2025-01-15,5420000
34,2024-11-20,10187000
30,2024-06-20,10037000
32,2024-08-03,9378000
45,2025-03-05,4489000
20,2024-06-25,7855
5,2024-10-24,9963000
24,2024-08-09,3816000
11,2024-10-17,2819000
41,2024-05-25,6024
11,2024-08-01,7808000
6,2024-08-06,5715000
43,2024-07-31,4348000
11,2024-09-29,3503000
9,2024-06-07,9401000
30,2024-05-04,10135000
25,2023-12-18,2992
2,2024-12-12,9140000
24,2024-09-24,2074000
21,2024-12-13,3130000
37,2024-08-29,7721000
14,2024-07-10,10115000
33,2024-12-21,1873000
19,2024-06-19,9170000
10,2024-11-10,1429000
14,2024-06-14,6393000
38,2024-01-09,7568
33,2024-11-05,3263000
10,2024-10-13,8721000
37,2024-09-18,3810000
43,2024-07-15,2785000
18,2024-03-08,10126000
14,2024-05-13,7833000
23,2024-05-19,4979000
7,2024-03-08,5066000
8,2025-01-26,10397000
7,2024-02-29,9248000
25,2024-02-10,1739000
14,2024-05-27,1184000
44,2024-04-19,4851000
32,2024-05-14,1895000
25,2024-02-05,3364000
3,2024-05-09,9481000
38,2024-05-06,8188000
21,2024-10-14,8969000
13,2024-05-04,4031000
23,2024-07-26,10568000
50,2024-12-04,7611000
50,2024-09-18,1390
16,2024-12-11,9382000
21,2024-12-08,8379000
33,2024-10-04,5565
23,2024-06-10,4687000
11,2024-10-18,4454000
21,2024-09-27,8921000
14,2024-07-17,8667000
9,2024-05-05,2391000
13,2024-03-02,2004000
14,2024-04-17,5118
8,2024-12-29,10020000
7,2024-03-29,1662000
40,2024-04-07,7508000
44,2024-03-24,6958000
43,2024-07-10,8994000
42,2024-07-30,1742
11,2024-08-30,3329000
9,2024-02-18,4667
12,2025-02-06,5019000
9,2024-04-04,5209000
1,2024-06-28,10354000
11,2024-09-21,8022000
34,2024-09-09,6570
32,2024-06-08,7930000
47,2025-01-30,5686000
23,2024-07-15,1959000
23,2024-05-18,1355000
6,2024-07-08,10243000
21,2024-11-24,2233000
23,2024-07-23,1322000
37,2024-06-30,8168
24,2024-08-25,5502000
8,2025-01-31,8390000
14,2024-06-05,4552000
6,2024-07-14,8291000
43,2024-03-26,7937
1,2024-07-08,6859000
37,2024-07-29,3654000
35,2024-01-05,6348
17,2024-12-08,10940000
30,2024-05-26,6907000
36,2024-05-09,5360000
49,2024-05-28,1638000
17,2024-11-25,8830000
11,2024-10-12,1232000
37,2024-08-13,7764000
25,2023-12-28,4551
4,2024-11-04,4179000
10,2024-12-01,7178000
37,2024-09-08,5089000
18,2024-05-08,7039000
30,2024-05-30,10242000
33,2025-01-01,1575000
46,2024-03-06,3766000
21,2024-10-08,4681000
6,2024-07-09,4167000
15,2024-09-15,1063000
3,2024-04-09,3008000
18,2024-03-03,5150
25,2024-03-06,3392000
5,2024-09-29,5900000
13,2024-05-07,4986000
36,2024-06-27,8228000
29,2024-03-05,2209000
46,2024-01-19,1778000
15,2024-11-13,4644000
33,2024-10-30,10670000
45,2024-11-26,4879
33,2024-10-30,6029000
50,2024-11-06,8738000
28,2024-08-09,5277000
48,2024-03-07,6124000
2,2024-12-22,2231000
21,2024-12-25,10159000
14,2024-05-18,10207000
11,2024-10-09,3289000
32,2024-07-04,2952000
44,2024-03-17,1323000
44,2024-04-23,3387000
3,2024-04-12,7707000
50,2024-11-12,6234000
23,2024-07-10,4879000
34,2024-11-25,10551000
32,2024-08-07,4586000
16,2024-10-28,6975000
10,2024-10-07,9225000
5,2024-08-25,9538000
47,2025-01-20,5869000
26,2024-10-22,3733000
18,2024-04-27,2797000
26,2024-10-26,5469000
28,2024-08-04,1703000
8,2024-12-16,10281000
31,2024-11-04,10141000
41,2024-06-17,5313000
21,2024-12-14,5322000
49,2024-04-17,3306
48,2024-02-11,7374000
23,2024-06-03,4737000
42,2024-10-25,10103000
8,2025-01-05,10194000
19,2024-06-21,9262000
16,2024-11-08,3960000
41,2024-07-17,6191000
19,2024-06-26,9951000
15,2024-11-25,9061000
25,2024-03-12,3075000
9,2024-05-02,4791000
39,2024-11-14,3167000
46,2024-02-20,10599000
34,2024-10-05,7221
6,2024-07-10,4285000
18,2024-01-24,2696
45,2025-02-25,4798000
16,2024-11-30,1009000
14,2024-07-10,9098000
26,2024-11-06,1731000
17,2025-01-14,6665000
30,2024-03-05,4700
29,2024-04-03,10524000
11,2024-09-18,5618000
39,2024-12-27,10517000
31,2024-11-22,7329000
6,2024-07-28,5774000
17,2024-12-01,4828000
48,2024-01-26,7256000
23,2024-06-01,3502000
34,2024-10-25,7404000
3,2024-03-21,9755000
33,2024-10-23,2460000
6,2024-09-15,5781000
13,2024-02-14,9607000
11,2024-09-01,5470000
1,2024-07-26,9138000
45,2024-11-14,1898
40,2024-05-09,6292000
30,2024-05-14,5858000
17,2024-12-16,4922000
21,2024-12-07,5477000
39,2024-10-07,2110
11,2024-07-28,3914000
33,2024-11-19,3371000
14,2024-05-21,10320000
35,2024-05-02,7977000
42,2024-09-01,4701000
14,2024-07-04,7223000
49,2024-06-19,1624000
39,2025-01-19,7213000
6,2024-08-20,6016000
45,2025-03-18,8767000
31,2024-11-09,2967000
29,2024-05-19,7320000
30,2024-06-30,3615000
1,2024-06-28,9282000
38,2024-03-27,1429000
26,2024-11-05,1224000
31,2024-11-04,9537000
15,2024-11-27,7257000
41,2024-07-21,5469000
11,2024-10-11,9984000
44,2024-02-21,9059000
27,2024-10-09,4279000
23,2024-04-25,9146
11,2024-07-31,3242000
3,2024-03-22,2302000
25,2024-02-23,1538000
10,2024-11-01,10428000
25,2024-02-05,1681000
6,2024-09-18,2858000
50,2024-09-28,1742000
15,2024-10-24,9823000
36,2024-07-21,1345000
12,2025-01-05,8958000
35,2024-02-12,1776000
2,2025-02-14,7653000
31,2024-11-12,4856000
12,2025-02-22,1052000
20,2024-10-29,1312000
16,2024-12-13,6436000
14,2024-06-07,4905000
48,2024-02-04,2895000
4,2024-10-03,5988
47,2025-03-02,7811000
9,2024-06-12,5913000
11,2024-07-25,6451000
7,2024-03-03,10249000
29,2024-03-22,2633000
45,2025-03-16,3892000
35,2024-04-04,5177000
33,2024-10-22,9753000
24,2024-08-07,3818000
9,2024-02-20,8358
10,2024-09-30,5352000
12,2025-01-14,4990000
15,2024-09-21,10090000
40,2024-05-05,3809000
2,2025-01-07,6912000
18,2024-04-23,8509000
2,2025-01-09,8728000
26,2024-07-20,6316
32,2024-03-28,9721
48,2024-02-20,4912000
25,2024-02-08,6000000
32,2024-07-02,5773000
42,2024-10-02,3436000
10,2024-11-28,1554000
26,2024-11-09,4651000
48,2024-01-20,10060000
2,2025-02-08,9482000
2,2025-01-23,10253000
4,2025-01-17,5373000
29,2024-02-13,10080
9,2024-04-12,9909000
9,2024-04-30,2556000
31,2024-08-30,3496000
18,2024-04-18,5553000
43,2024-05-19,2803000
8,2025-01-23,2461000
48,2024-04-01,10505000
39,2024-12-20,2329000
4,2024-12-09,2597000
40,2024-04-15,4663000
14,2024-03-28,8434
7,2023-12-26,9290
7,2024-02-27,5570000
50,2024-10-26,6839000
43,2024-07-14,2662000
20,2024-11-02,1833000
5,2024-10-02,3256000
23,2024-05-22,4382000
3,2024-06-06,9922000
23,2024-06-17,10138000
11,2024-10-10,9099000
11,2024-09-11,6166000
29,2024-04-19,2914000
35,2024-03-12,7812000
37,2024-08-05,3779000
13,2024-03-16,1120000
3,2024-05-06,3356000
19,2024-08-20,1992000
3,2024-03-11,1005000
43,2024-08-08,8635000
46,2024-01-27,1661000
9,2024-06-05,9499000
41,2024-07-24,10626000
44,2024-05-06,3573000
32,2024-07-08,2388000
47,2025-01-06,6958000
29,2024-04-16,7202000
22,2024-12-31,2253000
13,2024-04-28,9586000
37,2024-08-26,2228000
30,2024-05-28,9431000
32,2024-07-29,5859000
28,2024-08-22,6651000
16,2024-10-13,5057000
24,2024-08-24,3267000
26,2024-10-07,5978000
13,2024-05-03,7896000
40,2024-05-09,10203000
42,2024-08-04,6332000
23,2024-06-01,8169000
36,2024-06-24,5671000
34,2025-01-05,10680000
39,2025-01-20,5646000
7,2024-04-13,6082000
15,2024-07-20,6578
44,2024-04-21,4520000
20,2024-09-06,7904000
25,2024-02-29,3674000
44,2024-05-01,1654000
16,2024-10-12,9930000
17,2025-01-30,4754000
28,2024-08-08,9595000
48,2024-03-17,4800000
19,2024-07-27,10728000
8,2024-11-11,7965000
15,2024-09-30,1107000
41,2024-07-27,10337000
44,2024-04-01,3273000
14,2024-07-06,2165000
50,2024-11-21,4103000
37,2024-09-04,9488000
33,2024-10-23,6683000
31,2024-10-24,8266000
43,2024-06-06,3519000
39,2024-09-19,3781
9,2024-06-17,3111000
47,2025-01-10,5827000
40,2024-04-05,3419000
3,2024-03-17,2379000
16,2024-12-18,2337000
14,2024-06-22,9513000
7,2024-02-18,8210000
14,2024-03-15,5123
16,2024-10-09,6248000
1,2024-07-09,8467000
35,2024-02-28,7499000
29,2024-03-11,6919000
44,2024-05-14,1676000
33,2024-11-30,6864000
45,2025-01-12,1828000
17,2024-12-12,3407000
2,2025-01-22,9961000
45,2025-03-03,6201000
42,2024-06-15,3342
44,2024-02-17,6965000
48,2024-01-26,9705000
36,2024-05-05,3464000
17,2025-01-28,6096000
32,2024-08-11,9352000
26,2024-09-25,10696000
15,2024-09-25,7921000
6,2024-07-13,6199000
39,2024-12-07,10513000
10,2024-11-17,7456000
6,2024-09-09,8159000
14,2024-07-21,8307000
13,2023-12-24,3112
9,2024-05-25,5420000
15,2024-09-24,5720000
8,2024-12-18,6469000
4,2024-10-20,2474000
20,2024-10-17,1124000
13,2024-04-16,8459000
36,2024-05-06,6085000
36,2024-07-20,2134000
46,2024-03-29,5305000
49,2024-07-11,4894000
13,2024-03-19,2294000
47,2025-02-21,9946000
3,2024-03-16,9470000
11,2024-09-01,1904000
44,2024-03-31,10107000
5,2024-09-13,5106000
7,2024-02-28,6020000
28,2024-06-30,4498000
42,2024-10-02,5847000
17,2024-10-03,8954
40,2024-03-26,9800000
8,2024-12-31,10938000
7,2024-01-08,2727
36,2024-04-05,7789
32,2024-08-03,3672000
27,2024-12-19,5758000
4,2025-01-15,9353000
49,2024-06-24,4995000
5,2024-10-29,4238000
31,2024-09-07,6965000
32,2024-08-09,10975000
21,2024-10-03,10397000
8,2024-12-07,7587000
38,2024-03-10,7135000
47,2024-12-30,6282000
23,2024-07-23,3437000
13,2024-02-28,6847000
22,2024-12-14,10529000
23,2024-07-08,6221000
7,2024-03-22,6459000
4,2024-10-27,8883000
20,2024-08-20,8749000
35,2024-04-12,10077000
20,2024-10-24,3172000
34,2025-01-09,4315000
29,2024-03-16,8881000
39,2025-02-01,6059000
24,2024-08-23,10908000
16,2024-11-24,9004000
22,2024-11-25,9886000
28,2024-07-04,9477000
12,2025-01-19,8806000
35,2024-04-13,2385000
34,2024-10-21,7672000
35,2024-01-02,5433
3,2024-04-13,5892000
5,2024-10-06,10951000
3,2024-06-01,8892000
17,2024-10-24,1107
30,2024-04-21,1956000
30,2024-03-11,6223
23,2024-06-22,6913000
23,2024-06-10,6580000
22,2025-01-27,9349000
19,2024-07-22,9159000
35,2024-03-13,1109000
39,2025-01-01,2328000
21,2024-08-19,5078
47,2025-02-27,2970000
8,2024-10-25,3512
28,2024-08-05,7118000
9,2024-05-17,7792000
33,2024-12-02,6823000
37,2024-09-23,10595000
17,2025-02-14,3308000
1,2024-07-03,6248000
30,2024-06-19,5645000
27,2024-11-22,7216000
49,2024-07-04,9891000
27,2024-10-02,2945000
24,2024-07-22,6781000
47,2024-11-06,9776
5,2024-08-13,8387000
4,2024-10-24,7009000
24,2024-10-02,3063000
3,2024-03-31,9689000
39,2024-12-08,5204000
46,2024-01-29,3259000
19,2024-07-25,1265000
20,2024-08-05,8343
11,2024-08-01,8544000
41,2024-07-10,1551000
20,2024-10-27,9448000
44,2024-01-20,9996
9,2024-04-24,1885000
3,2024-04-06,3556000
24,2024-07-25,10583000
25,2024-03-15,6655000
18,2024-04-08,8905000
26,2024-10-07,5466000
22,2025-01-25,4420000
38,2024-01-09,3770
4,2024-12-21,8548000
16,2024-12-22,9809000
42,2024-10-26,7975000
22,2024-12-05,3845000
45,2024-12-22,3555000
20,2024-07-10,9787
18,2024-04-25,6321000
38,2024-03-16,4903000
34,2024-12-19,6476000
23,2024-04-20,8553
14,2024-04-09,9675
42,2024-08-21,4321000
43,2024-06-19,4459000
20,2024-10-18,5078000
41,2024-04-18,1522
28,2024-08-26,4020000
5,2024-10-27,3254000
32,2024-08-08,3668000
42,2024-09-20,1005000
45,2025-03-17,10828000
8,2024-12-07,1223000
34,2024-12-17,1428000
1,2024-06-28,5392000
11,2024-09-09,7342000
44,2024-04-09,7744000
24,2024-09-03,8945000
33,2024-12-10,8017000
29,2024-05-03,2817000
16,2024-12-25,9161000
25,2024-02-20,10373000
18,2024-05-11,4634000
18,2024-05-31,2108000
20,2024-10-04,8935000
9,2024-04-19,7826000
10,2024-11-23,7527000
8,2024-11-23,5639000
12,2025-01-30,6616000
27,2024-12-13,6530000
2,2025-02-06,1623000
8,2024-10-11,1749
23,2024-06-22,8650000
32,2024-05-16,7295000
22,2024-11-03,1355
46,2024-01-27,7597000
22,2024-11-12,6304000
29,2024-05-16,1943000
4,2024-10-27,8024000
41,2024-07-24,6684000
32,2024-04-12,6475
40,2024-02-25,6882
33,2024-10-12,10253000
20,2024-10-03,5957000
15,2024-09-10,10823000
29,2024-03-30,2910000
37,2024-08-10,6528000
35,2024-02-18,3173000
44,2024-05-08,1129000
39,2024-12-18,5297000
6,2024-08-23,5449000
49,2024-06-05,1141000
7,2024-04-09,10047000
5,2024-09-30,1339000
14,2024-06-01,10240000
19,2024-06-16,4825000
11,2024-09-28,6999000
16,2024-10-22,6294000
20,2024-10-11,2736000
34,2024-12-22,7863000
45,2025-01-31,5889000
30,2024-04-26,6086000
33,2024-09-26,7778
17,2025-01-27,5831000
29,2024-01-24,8479
37,2024-09-23,7342000
39,2024-12-21,4277000
9,2024-04-08,9942000
34,2024-11-13,7585000
1,2024-07-31,10201000
49,2024-04-29,4599000
44,2024-03-21,7745000
9,2024-06-30,7362000
28,2024-07-06,8218000
34,2024-12-18,3584000
16,2024-10-02,3151000
8,2025-01-24,4273000
30,2024-07-06,8453000
49,2024-07-07,8134000
36,2024-05-09,9411000
21,2024-10-21,4657000
22,2024-12-30,8276000
31,2024-09-09,2836000
40,2024-04-05,2582000
40,2024-05-05,7798000
35,2024-04-14,1820000
1,2024-07-11,9042000
4,2024-12-01,2757000
23,2024-07-04,3822000
46,2024-01-16,3626000
39,2024-11-29,5746000
42,2024-09-21,10607000
6,2024-07-03,8146000
22,2025-01-20,7586000
37,2024-07-23,7234000
47,2025-02-26,8338000
17,2024-11-02,4758
32,2024-06-06,8965000
25,2024-03-03,9710000
46,2024-03-29,5723000
1,2024-07-01,10331000
41,2024-05-12,5810
27,2024-09-27,10065
41,2024-06-08,1572000
10,2024-10-03,6710000
33,2024-11-24,2943000
44,2024-02-06,2557
8,2025-01-18,10126000
22,2024-11-03,7122
1,2024-05-27,3933000
17,2024-12-27,7589000
34,2024-12-10,4211000
42,2024-10-16,5749000
13,2024-03-29,3108000
23,2024-05-03,3592000
49,2024-05-20,3032000
39,2024-12-21,6052000
13,2024-05-09,9743000
26,2024-11-06,10164000
6,2024-08-18,2652000
16,2024-11-22,7883000
11,2024-09-04,3699000
6,2024-08-18,1069000
45,2025-01-27,10824000
17,2025-01-04,6002000
24,2024-09-11,8666000
44,2024-03-19,7887000
31,2024-10-02,4182000
11,2024-07-24,3225000
41,2024-05-19,7737
2,2025-01-11,4966000
33,2024-11-28,4796000
26,2024-10-21,1959000
44,2024-02-26,10453000
43,2024-07-12,6516000
26,2024-08-01,10546
41,2024-08-01,2096000
12,2025-02-18,3707000
24,2024-07-24,3784000
2,2024-12-08,4714000
16,2024-12-27,1487000
17,2025-02-03,3526000
18,2024-04-24,6370000
34,2024-12-08,3104000
40,2024-03-24,9545000
13,2024-02-20,3971000
15,2024-09-30,1268000
3,2024-03-10,5784000
19,2024-07-02,10768000
1,2024-07-24,3456000
30,2024-05-05,6540000
27,2024-11-03,5997000
7,2024-01-19,1186000
46,2024-02-14,2033000
28,2024-07-18,4280000
42,2024-10-19,8597000
33,2024-11-10,9171000
33,2024-10-11,3340000
31,2024-10-25,3661000
10,2024-10-15,6168000
25,2024-04-22,3340000
44,2024-03-20,3258000
5,2024-09-02,7949000
45,2025-01-29,9105000
18,2024-05-04,1460000
38,2024-05-01,4952000
28,2024-07-06,4140000
17,2024-11-22,3432000
41,2024-08-06,7002000
45,2025-02-26,8100000
46,2024-03-01,2272000
47,2024-12-24,4868000
28,2024-08-29,3112000
44,2024-05-04,7932000
29,2024-03-14,4680000
50,2024-11-22,1114000
39,2024-11-18,3222000
41,2024-08-14,9897000
37,2024-07-05,7281
22,2024-12-08,10938000
32,2024-08-10,5522000
3,2024-04-07,6118000
29,2024-05-04,4447000
47,2025-02-25,6362000
13,2024-04-14,7244000
32,2024-07-06,10297000
49,2024-05-01,3906000
41,2024-06-06,6139000
17,2025-01-11,6508000
23,2024-04-06,8975
31,2024-09-15,10478000
11,2024-07-02,6765
43,2024-05-25,9016000
19,2024-09-13,8035000
7,2024-04-15,2962000
16,2024-11-13,7730000
42,2024-08-07,4772000
8,2024-10-18,10388
41,2024-08-19,1541000
41,2024-07-06,8186000
8,2024-11-09,3517000
28,2024-08-16,4301000
22,2024-10-30,3340
50,2024-09-14,7858
9,2024-03-04,7538
37,2024-08-15,9971000
40,2024-04-27,7990000
29,2024-03-27,10833000
44,2024-03-15,5064000
27,2024-11-04,4793000
38,2024-02-16,6108000
10,2024-10-17,1556000
34,2024-11-29,6907000
12,2025-03-17,2483000
1,2024-07-02,3387000
35,2024-03-17,6408000
1,2024-07-28,6948000
12,2025-01-01,6638000
32,2024-05-28,10844000
13,2024-04-05,3208000
13,2024-05-10,7901000
26,2024-10-17,1081000
39,2025-01-14,7932000
1,2024-06-25,4565000
42,2024-09-08,9951000
19,2024-05-03,7257
38,2024-02-14,4007000
45,2025-03-09,4410000
21,2024-11-19,2604000
32,2024-07-10,7621000
45,2025-03-08,9617000
4,2025-01-11,4527000
37,2024-07-25,10142000
35,2024-04-03,10725000
3,2024-03-15,2083000
6,2024-08-03,8282000
18,2024-04-18,1052000
33,2024-11-26,5213000
12,2025-01-28,2384000
17,2025-01-07,9857000
34,2024-10-26,10413000
32,2024-07-13,8202000
50,2024-12-14,7892000
6,2024-07-23,2260000
17,2025-02-06,7131000
2,2025-01-03,6088000
1,2024-05-30,1374000
34,2024-12-27,9164000
38,2024-04-03,4906000
18,2024-06-01,3855000
20,2024-08-28,2872000
24,2024-07-09,2057000
4,2024-12-25,1912000
14,2024-05-10,5060000
37,2024-10-02,4782000
5,2024-09-30,7437000
27,2024-12-28,4009000
31,2024-10-21,6188000
18,2024-06-03,5575000
5,2024-10-29,6677000
46,2024-02-15,9201000
1,2024-08-08,3301000
48,2023-12-24,3059
27,2024-12-25,2592000
34,2024-10-02,4485
30,2024-05-16,7687000
49,2024-05-12,6574000
34,2024-11-30,2872000
19,2024-06-17,9736000
22,2025-01-21,5084000
43,2024-06-08,9334000
22,2025-01-27,8419000
47,2025-01-27,9776000
17,2024-12-08,7126000
24,2024-07-16,5882000
36,2024-07-23,2471000
7,2024-02-29,8253000
9,2024-05-01,10969000
9,2024-04-09,10687000
